{
  "BGE-M3 (ONNX)": {
    "Gemma-4-E2B": {
      "flat_hybrid_rag": {
        "config": {
          "top_k": 3,
          "chunk_size": 150
        },
        "ragas": {
          "Context Recall": 0.6014761904761906,
          "F1": 0.5436695448133506
        },
        "runtime": {
          "average_retrieval_time_seconds": 0.41177021758415505,
          "average_answer_time_seconds": 0.30968786119198194
        },
        "cost": {
          "average_input_tokens": 172.008,
          "average_output_tokens": 34.224,
          "average_total_tokens": 206.232
        }
      },
      "grag": {
        "config": {
          "top_k": 3,
          "chunk_size": 150
        },
        "ragas": {
          "Context Recall": 0.6826549450549451,
          "F1": 0.6168802962780912
        },
        "runtime": {
          "average_retrieval_time_seconds": 0.04953805168007966,
          "average_answer_time_seconds": 0.3980246173600026
        },
        "cost": {
          "average_input_tokens": 326.424,
          "average_output_tokens": 45.464,
          "average_total_tokens": 371.888
        }
      },
      "graph_rag": {
        "config": {
          "top_k": 3,
          "chunk_size": 150
        },
        "ragas": {
          "Context Recall": 0.9270000000000002,
          "F1": 0.9314782608232163
        },
        "runtime": {
          "average_retrieval_time_seconds": 0.27019534262399975,
          "average_answer_time_seconds": 0.7487753234400115
        },
        "cost": {
          "average_input_tokens": 1009.504,
          "average_output_tokens": 69.688,
          "average_total_tokens": 1079.192
        }
      },
      "hierarchical_rag": {
        "config": {
          "top_k": 3,
          "chunk_size": 150
        },
        "ragas": {
          "Context Recall": 0.5272190476190476,
          "F1": 0.484391960754297
        },
        "runtime": {
          "average_retrieval_time_seconds": 0.4106654211119967,
          "average_answer_time_seconds": 0.3189491028319826
        },
        "cost": {
          "average_input_tokens": 172.016,
          "average_output_tokens": 34.064,
          "average_total_tokens": 206.08
        }
      },
      "naive_rag": {
        "config": {
          "top_k": 3,
          "chunk_size": 150
        },
        "ragas": {
          "Context Recall": 0.5714857142857144,
          "F1": 0.5656845613572172
        },
        "runtime": {
          "average_retrieval_time_seconds": 0.40730834046399106,
          "average_answer_time_seconds": 0.32759109227191946
        },
        "cost": {
          "average_input_tokens": 173.448,
          "average_output_tokens": 36.392,
          "average_total_tokens": 209.84
        }
      },
      "parent_child_rag": {
        "config": {
          "top_k": 3,
          "chunk_size": 150
        },
        "ragas": {
          "Context Recall": 0.5714857142857144,
          "F1": 0.5656845613572172
        },
        "runtime": {
          "average_retrieval_time_seconds": 0.42191090430399925,
          "average_answer_time_seconds": 0.32773462513600154
        },
        "cost": {
          "average_input_tokens": 173.448,
          "average_output_tokens": 36.392,
          "average_total_tokens": 209.84
        }
      },
      "query_rewrite_rag": {
        "config": {
          "top_k": 3,
          "chunk_size": 150
        },
        "ragas": {
          "Context Recall": 0.5714857142857144,
          "F1": 0.5656845613572172
        },
        "runtime": {
          "average_retrieval_time_seconds": 0.9027176103039988,
          "average_answer_time_seconds": 0.3432825108959969
        },
        "cost": {
          "average_input_tokens": 173.448,
          "average_output_tokens": 36.392,
          "average_total_tokens": 209.84
        }
      }
    },
    "Qwen3.5-2B": {
      "flat_hybrid_rag": {
        "config": {
          "top_k": 3,
          "chunk_size": 150
        },
        "ragas": {
          "Context Recall": 0.6706413210445469,
          "F1": 0.7194840317856747
        },
        "runtime": {
          "average_retrieval_time_seconds": 0.34976793443206405,
          "average_answer_time_seconds": 0.3024435421359667
        },
        "cost": {
          "average_input_tokens": 176.512,
          "average_output_tokens": 42.072,
          "average_total_tokens": 218.584
        }
      },
      "grag": {
        "config": {
          "top_k": 3,
          "chunk_size": 150
        },
        "ragas": {
          "Context Recall": 0.7758420441347271,
          "F1": 0.7539890205494957
        },
        "runtime": {
          "average_retrieval_time_seconds": 0.049672378919975016,
          "average_answer_time_seconds": 0.37173053270397943
        },
        "cost": {
          "average_input_tokens": 329.672,
          "average_output_tokens": 55.6,
          "average_total_tokens": 385.272
        }
      },
      "graph_rag": {
        "config": {
          "top_k": 3,
          "chunk_size": 150
        },
        "ragas": {
          "Context Recall": 0.9735772357723579,
          "F1": 0.9787608707805373
        },
        "runtime": {
          "average_retrieval_time_seconds": 0.2861084666640127,
          "average_answer_time_seconds": 0.6332636013519768
        },
        "cost": {
          "average_input_tokens": 1013.192,
          "average_output_tokens": 70.184,
          "average_total_tokens": 1083.376
        }
      },
      "hierarchical_rag": {
        "config": {
          "top_k": 3,
          "chunk_size": 150
        },
        "ragas": {
          "Context Recall": 0.6676267281105991,
          "F1": 0.6535215238164336
        },
        "runtime": {
          "average_retrieval_time_seconds": 0.4292588498880359,
          "average_answer_time_seconds": 0.2797393775519886
        },
        "cost": {
          "average_input_tokens": 176.448,
          "average_output_tokens": 38.68,
          "average_total_tokens": 215.128
        }
      },
      "naive_rag": {
        "config": {
          "top_k": 3,
          "chunk_size": 150
        },
        "ragas": {
          "Context Recall": 0.6719512195121952,
          "F1": 0.6876023681728942
        },
        "runtime": {
          "average_retrieval_time_seconds": 0.3341872707598959,
          "average_answer_time_seconds": 0.28478240312013076
        },
        "cost": {
          "average_input_tokens": 177.448,
          "average_output_tokens": 43.096,
          "average_total_tokens": 220.544
        }
      },
      "parent_child_rag": {
        "config": {
          "top_k": 3,
          "chunk_size": 150
        },
        "ragas": {
          "Context Recall": 0.6719512195121952,
          "F1": 0.6876023681728942
        },
        "runtime": {
          "average_retrieval_time_seconds": 0.35936223346399127,
          "average_answer_time_seconds": 0.3095976533279918
        },
        "cost": {
          "average_input_tokens": 177.448,
          "average_output_tokens": 43.096,
          "average_total_tokens": 220.544
        }
      },
      "query_rewrite_rag": {
        "config": {
          "top_k": 3,
          "chunk_size": 150
        },
        "ragas": {
          "Context Recall": 0.6719512195121952,
          "F1": 0.6876023681728942
        },
        "runtime": {
          "average_retrieval_time_seconds": 0.7960586704319831,
          "average_answer_time_seconds": 0.2968321873279965
        },
        "cost": {
          "average_input_tokens": 177.448,
          "average_output_tokens": 43.096,
          "average_total_tokens": 220.544
        }
      }
    }
  },
  "Qwen3-Embedding 0.6B (ONNX)": {
    "Gemma-4-E2B": {
      "flat_hybrid_rag": {
        "config": {
          "top_k": 3,
          "chunk_size": 150
        },
        "ragas": {
          "Context Recall": 0.6012507936507935,
          "F1": 0.5543866408476942
        },